                                                                                          Experiment No: 10-- VIEWS --(DATE-17/05/2022)
                                                                                           ------------------------------------------------------------------------

----------------------------------------------------------------------------------------------------------------------------------------------------------------------------------------------------------------------------------------------------------------
1)Create a view for customers who have purchased products.


mysql>  CREATE VIEW CUSTOMER_PURCHASE AS SELECT CUSTOMER.NAME,PRODUCT.PNAME FROM CUSTOMER INNER JOIN INVOICE_MASTER ON CUSTOMER.ID=INVOICE_MASTER.CUST_ID INNER JOIN INVOICE_ITEM ON INVOICE_MASTER.INV_ID=INVOICE_ITEM.INV_ID INNER JOIN PRODUCT ON INVOICE_ITEM.PID=PRODUCT.PID;

Query OK, 0 rows affected (0.04 sec)

mysql> SELECT * FROM CUSTOMER_PURCHASE;
+-------+------------+
| NAME  | PNAME      |
+-------+------------+
| ASWIN | PENCIL     |
| ASWIN | CORNFLAKES |
| ABIN  | CORNFLAKES |
| ASWIN | PEN        |
+-------+------------+
4 rows in set (0.00 sec)

----------------------------------------------------------------------------------------------------------------------------------------------------------------------------------------------------------------------------------------------------------------
2)Create a view for invoice products[cname, inv_id, product_id, quantity]

mysql> CREATE VIEW INVOICE_PRODUCTS AS SELECT CUSTOMER.NAME,INVOICE_MASTER.INV_ID,INVOICE_ITEM.PID,INVOICE_ITEM.QUANTITY FROM CUSTOMER LEFT JOIN
 INVOICE_MASTER ON CUSTOMER.ID=INVOICE_MASTER.CUST_ID LEFT JOIN INVOICE_ITEM ON INVOICE_MASTER.INV_ID=INVOICE_ITEM.INV_ID;
Query OK, 0 rows affected (0.04 sec)

mysql> SELECT * FROM INVOICE_PRODUCTS;
+----------+--------+------+----------+
| NAME     | INV_ID | PID  | QUANTITY |
+----------+--------+------+----------+
| ASWIN    |      4 |    4 |        6 |
| ASWIN    |      5 |    5 |        7 |
| ABIN     |      1 |    5 |       10 |
| ASWIN    |      4 |    1 |       10 |
| ARJUN    |   NULL | NULL |     NULL |
| ASWIN    |      2 | NULL |     NULL |
| MANU     |      6 | NULL |     NULL |
| SHIBU    |      7 | NULL |     NULL |
| MAYAN    |   NULL | NULL |     NULL |
| SUGHUNAN |   NULL | NULL |     NULL |
| NANU     |   NULL | NULL |     NULL |
| MALU     |   NULL | NULL |     NULL |
| ARCHANA  |   NULL | NULL |     NULL |
| ARYA     |   NULL | NULL |     NULL |
| MALIK    |   NULL | NULL |     NULL |
| NANDU    |   NULL | NULL |     NULL |
+----------+--------+------+----------+
16 rows in set (0.03 sec)



