                                                                                              Experiment No: 11-- OPERATORS--(DATE-18/05/2022)
                                                                                           --------------------------------------------------------------------------------------------

 Optimising database (Using Set, arithmetic, logical and special operators) 
----------------------------------------------------------------------------------------------------------------------------------------------------------------------------------------------------------------------------------------------------------------

1)Display customer_id who didn’t purchase items.(using set operation)







----------------------------------------------------------------------------------------------------------------------------------------------------------------------------------------------------------------------------------------------------------------
2)Display product details with an updated price amount(new price= old price+5rs)

mysql> SELECT PID,PNAME,PRICE,price+5 AS 'NEW PRICE' FROM PRODUCT;
+-----+------------+-------+-----------+
| PID | PNAME      | PRICE | NEW PRICE |
+-----+------------+-------+-----------+
|   1 | PEN        |   204 |       209 |
|   2 | HORLICKS   |   100 |       105 |
|   3 | COMPLAN    |   122 |       127 |
|   4 | PENCIL     |   235 |       240 |
|   5 | CORNFLAKES |    82 |        87 |
|   6 | SOAP       |    80 |        85 |
+-----+------------+-------+-----------+
6 rows in set (0.00 sec)

----------------------------------------------------------------------------------------------------------------------------------------------------------------------------------------------------------------------------------------------------------------
3) Display customer details who doesn’t have phone number and lives in ‘Calicut’ city (use logical operators)

mysql> SELECT * FROM CUSTOMER WHERE CITY='KOZHIKODE' AND PH_NO IS NULL ;
+----+------+----------------+-----------+-------+
| ID | NAME | ADDRESS        | CITY      | PH_NO |
+----+------+----------------+-----------+-------+
|  9 | NANU | CHATHAMANGALAM | KOZHIKODE |  NULL |
+----+------+----------------+-----------+-------+
1 row in set (0.00 sec)

----------------------------------------------------------------------------------------------------------------------------------------------------------------------------------------------------------------------------------------------------------------
4)   List the product names if it finds any records in the invoice items table has quantity =6 (use special operators)

mysql> SELECT PNAME FROM PRODUCT WHERE PID IN (SELECT PID FROM INVOICE_ITEM WHERE QUANTITY=6);
+--------+
| PNAME  |
+--------+
| PENCIL |
+--------+
1 row in set (0.00 sec)

----------------------------------------------------------------------------------------------------------------------------------------------------------------------------------------------------------------------------------------------------------------









