                                                                                       EXPERIMENT 6--SELECT QUERY 1- (DATE-27/04/2022)
                                                                                       -------------------------------------------------------------------------------

----------------------------------------------------------------------------------------------------------------------------------------------------------------------------------------------------------------------------------------------------------------

1)LIST ALL CUSTOMER DETAILS

mysql> SELECT * FROM CUSTOMER;
+----+-------+---------+-----------+----------+
| ID | NAME  | ADDRESS | CITY      | PH_NO    |
+----+-------+---------+-----------+----------+
|  2 | ASWIN | MUKKAM  | KANNUR    | 92812233 |
|  3 | ABIN  | CHUNGAM | THISSUR   |   984766 |
|  4 | MANU  | KL12    | KOZHIKODE |  8123467 |
|  6 | SHIBU | KL17    | IDY       |  4567887 |
+----+-------+---------+-----------+----------+
4 rows in set (0.00 sec)

---------------------------------------------------------------------------------------------------------------------------------------------------------------------------------------------------------------------------------------------------------------

2)LIST PNAME,PRICE OF ALL PRODUCTS


mysql> SELECT DISTINCT PNAME,PRICE FROM PRODUCT;
+------------+-------+
| PNAME      | PRICE |
+------------+-------+
| HORLICKS   |   204 |
| BOOST      |   100 |
| COMPLAN    |   122 |
| BONVITA    |   235 |
| CORNFLAKES |    82 |
+------------+-------+
5 rows in set (0.00 sec)

---------------------------------------------------------------------------------------------------------------------------------------------------------------------------------------------------------------------------------------------------------------
3)LIST ALL INVOICE ITEMS , AVOID DUPLICATES

mysql> SELECT INV_ID FROM INVOICE_ITEM;
+--------+
| INV_ID |
+--------+
|      1 |
|      4 |
|      4 |
|      5 |
+--------+
4 rows in set (0.00 sec)

mysql> SELECT DISTINCT INV_ID FROM INVOICE_ITEM;
+--------+
| INV_ID |
+--------+
|      1 |
|      4 |
|      5 |
+--------+
3 rows in set (0.01 sec)

---------------------------------------------------------------------------------------------------------------------------------------------------------------------------------------------------------------------------------------------------------------
4)LIST PRODUCT PRICE BETWEEN 50RS AND 150RS

mysql> SELECT * FROM PRODUCT;
+-----+------------+-------+
| PID | PNAME      | PRICE |
+-----+------------+-------+
|   1 | HORLICKS   |   204 |
|   2 | BOOST      |   100 |
|   3 | COMPLAN    |   122 |
|   4 | BONVITA    |   235 |
|   5 | CORNFLAKES |    82 |
+-----+------------+-------+
5 rows in set (0.00 sec)

mysql> SELECT * FROM PRODUCT WHERE PRICE BETWEEN 50 AND 150;
+-----+------------+-------+
| PID | PNAME      | PRICE |
+-----+------------+-------+
|   2 | BOOST      |   100 |
|   3 | COMPLAN    |   122 |
|   5 | CORNFLAKES |    82 |
+-----+------------+-------+
3 rows in set (0.00 sec)

---------------------------------------------------------------------------------------------------------------------------------------------------------------------------------------------------------------------------------------------------------------
5)List the customer details who lives in ‘ekm’,’tvm’.

mysql> SELECT * FROM CUSTOMER;
+----+----------+-----------+-----------+----------+
| ID | NAME     | ADDRESS   | CITY      | PH_NO    |
+----+----------+-----------+-----------+----------+
|  2 | ASWIN    | MUKKAM    | KANNUR    | 92812233 |
|  3 | ABIN     | CHUNGAM   | THISSUR   |   984766 |
|  4 | MANU     | KL12      | KOZHIKODE |  8123467 |
|  6 | SHIBU    | KL17      | IDY       |  4567887 |
|  7 | SHIBU    | MANASSREI | EKM       | 82819612 |
|  8 | SUGHUNAN | NIT       | TVM       | 92319618 |
+----+----------+-----------+-----------+----------+
6 rows in set (0.00 sec)

mysql> SELECT * FROM CUSTOMER WHERE CITY IN('EKM','TVM');
+----+----------+-----------+------+----------+
| ID | NAME     | ADDRESS   | CITY | PH_NO    |
+----+----------+-----------+------+----------+
|  7 | SHIBU    | MANASSREI | EKM  | 82819612 |
|  8 | SUGHUNAN | NIT       | TVM  | 92319618 |
+----+----------+-----------+------+----------+
2 rows in set (0.00 sec)

---------------------------------------------------------------------------------------------------------------------------------------------------------------------------------------------------------------------------------------------------------------

6)List  the invoice details from 1st January 2021 to 31st march 2021 

mysql> SELECT * FROM INVOICE_MASTER;
+--------+---------+------------+
| INV_ID | CUST_ID | INV_DATE   |
+--------+---------+------------+
|      1 |       2 | 2022-01-11 |
|      2 |       2 | 2022-01-01 |
|      4 |       2 | 2022-02-02 |
|      5 |       2 | 2022-02-04 |
|      6 |       2 | 2022-03-31 |
|      7 |       2 | 2022-03-22 |
+--------+---------+------------+
6 rows in set (0.00 sec)

mysql> SELECT * FROM INVOICE_MASTER WHERE INV_DATE BETWEEN '2022-01-01' AND '2022-02-31';
+--------+---------+------------+
| INV_ID | CUST_ID | INV_DATE   |
+--------+---------+------------+
|      1 |       2 | 2022-01-11 |
|      2 |       2 | 2022-01-01 |
|      4 |       2 | 2022-02-02 |
|      5 |       2 | 2022-02-04 |
+--------+---------+------------+
4 rows in set (0.00 sec)

---------------------------------------------------------------------------------------------------------------------------------------------------------------------------------------------------------------------------------------------------------------

7)List the customer details who not live in ‘tvm’.

mysql> SELECT * FROM CUSTOMER WHERE CITY !='TVM';
+----+-------+-----------+-----------+----------+
| ID | NAME  | ADDRESS   | CITY      | PH_NO    |
+----+-------+-----------+-----------+----------+
|  2 | ASWIN | MUKKAM    | KANNUR    | 92812233 |
|  3 | ABIN  | CHUNGAM   | THISSUR   |   984766 |
|  4 | MANU  | KL12      | KOZHIKODE |  8123467 |
|  6 | SHIBU | KL17      | IDY       |  4567887 |
|  7 | SHIBU | MANASSREI | EKM       | 82819612 |
+----+-------+-----------+-----------+----------+
5 rows in set (0.00 sec)

---------------------------------------------------------------------------------------------------------------------------------------------------------------------------------------------------------------------------------------------------------------

8)List the customers who have no phone number. 

mysql> SELECT * FROM CUSTOMER WHERE PH_NO IS NULL;
+----+------+----------------+------+-------+
| ID | NAME | ADDRESS        | CITY | PH_NO |
+----+------+----------------+------+-------+
|  9 | NANU | CHATHAMANGALAM | CLT  |  NULL |
+----+------+----------------+------+-------+
1 row in set (0.00 sec)

---------------------------------------------------------------------------------------------------------------------------------------------------------------------------------------------------------------------------------------------------------------
9)Display customer names in descending order. 

mysql> SELECT * FROM CUSTOMER ORDER BY NAME DESC;
+----+----------+----------------+-----------+----------+
| ID | NAME     | ADDRESS        | CITY      | PH_NO    |
+----+----------+----------------+-----------+----------+
|  8 | SUGHUNAN | NIT            | TVM       | 92319618 |
|  6 | SHIBU    | KL17           | IDY       |  4567887 |
|  9 | NANU     | CHATHAMANGALAM | CLT       |     NULL |
|  7 | MAYAN    | MANASSREI      | EKM       | 82819612 |
|  4 | MANU     | KL12           | KOZHIKODE |  8123467 |
|  2 | ASWIN    | MUKKAM         | KANNUR    | 92812233 |
|  3 | ABIN     | CHUNGAM        | THISSUR   |   984766 |
+----+----------+----------------+-----------+----------+
7 rows in set (0.00 sec)

---------------------------------------------------------------------------------------------------------------------------------------------------------------------------------------------------------------------------------------------------------------
10)Display the customer details sorted in ascending by city and descending by names. 

mysql> SELECT * FROM CUSTOMER ORDER BY NAME DESC,CITY ASC;
+----+----------+----------------+-----------+-----------+
| ID | NAME     | ADDRESS        | CITY      | PH_NO     |
+----+----------+----------------+-----------+-----------+
|  8 | SUGHUNAN | NIT            | TVM       |  92319618 |
|  6 | SHIBU    | KL17           | IDY       |   4567887 |
|  9 | NANU     | CHATHAMANGALAM | KOZHIKODE |      NULL |
| 14 | NANDU    | KL18           | KOZHIKODE |   8234412 |
|  7 | MAYAN    | MANASSREI      | EKM       |  82819612 |
|  4 | MANU     | KL12           | KOZHIKODE |   8123467 |
| 10 | MALU     | KOVALAM        | TVM       |     45692 |
| 13 | MALIK    | KL13           | KANNUR    |  88456712 |
|  2 | ASWIN    | MUKKAM         | KANNUR    |  92812233 |
| 12 | ARYA     | KL13           | KANNUR    |  88456712 |
|  1 | ARJUN    | OOTY           | KOZHIKODE | 111112222 |
| 11 | ARCHANA  | KL18           | KOZHIKODE |   9468910 |
|  3 | ABIN     | CHUNGAM        | THISSUR   |    984766 |
+----+----------+----------------+-----------+-----------+
13 rows in set (0.00 sec)

---------------------------------------------------------------------------------------------------------------------------------------------------------------------------------------------------------------------------------------------------------------
11)Find the customer names start with ‘A’.

mysql> SELECT NAME FROM CUSTOMER WHERE NAME LIKE 'A%';
+-------+
| NAME  |
+-------+
| ASWIN |
| ABIN  |
+-------+
2 rows in set (0.00 sec)

---------------------------------------------------------------------------------------------------------------------------------------------------------------------------------------------------------------------------------------------------------------

12)Find the customer names who have ‘e’ or ‘a’ in them.

mysql> SELECT NAME FROM CUSTOMER WHERE NAME LIKE '%E%' OR NAME LIKE '%A%';
+----------+
| NAME     |
+----------+
| ASWIN    |
| ABIN     |
| MANU     |
| MAYAN    |
| SUGHUNAN |
| NANU     |
+----------+
6 rows in set (0.00 sec)

---------------------------------------------------------------------------------------------------------------------------------------------------------------------------------------------------------------------------------------------------------------
13)Find the customer names who have at least 4 characters.

mysql> SELECT NAME FROM CUSTOMER WHERE NAME LIKE '____';
+------+
| NAME |
+------+
| ABIN |
| MANU |
| NANU |
+------+
3 rows in set (0.00 sec)

---------------------------------------------------------------------------------------------------------------------------------------------------------------------------------------------------------------------------------------------------------------

14)List the names of customers their names have ‘r’ in second position.

mysql> SELECT NAME FROM CUSTOMER WHERE NAME LIKE '_R%';
+-------+
| NAME  |
+-------+
| ARJUN |
+-------+
1 row in set (0.00 sec)

---------------------------------------------------------------------------------------------------------------------------------------------------------------------------------------------------------------------------------------------------------------
15)Find the customer names start with ‘a’ and are at least 3 characters in length.

mysql> SELECT NAME FROM CUSTOMER WHERE NAME LIKE 'A__%';
+-------+
| NAME  |
+-------+
| ARJUN |
| ASWIN |
| ABIN  |
+-------+
3 rows in set (0.00 sec)

---------------------------------------------------------------------------------------------------------------------------------------------------------------------------------------------------------------------------------------------------------------


//VERIFIED






